FID,anzahl_els,anzahl_lp_ac,anzahl_lp_alle,anzahl_lp_dc,anzahl_stpl,aufstelldatum,bemerkung,stadtbezirk,standort,haupttyp,haupttyp_bedeutung,shape
opendata_ruhver_els_point.1,1,2,2,0,2,2017-05-29T00:00:00,,6,Urbanstr. 2,0,In Betrieb befindliche Ladesäulen,POINT (689684.126600797 5331783.312798096)
opendata_ruhver_els_point.2,1,2,2,0,2,2017-10-12T00:00:00,,6,Urbanstr. 6,0,In Betrieb befindliche Ladesäulen,POINT (689751.0750007983 5331777.291698092)
opendata_ruhver_els_point.3,2,4,4,0,4,2017-09-14T00:00:00,,18,Reginfriedstr. 2,0,In Betrieb befindliche Ladesäulen,POINT (691870.9652008448 5331775.829797959)
opendata_ruhver_els_point.4,2,4,4,0,4,2017-08-03T00:00:00,,5,Falkenstr. 32-34,0,In Betrieb befindliche Ladesäulen,POINT (691896.376300844 5333056.253497955)
opendata_ruhver_els_point.5,2,4,4,0,4,2018-01-15T00:00:00,,5,Mariahilfplatz 13,0,In Betrieb befindliche Ladesäulen,POINT (692295.4321008525 5333448.089197929)
opendata_ruhver_els_point.6,2,4,4,0,4,2017-03-31T00:00:00,,5,Rosenheimer Pl. 6,0,In Betrieb befindliche Ladesäulen,POINT (693017.5563008685 5333901.570797879)
opendata_ruhver_els_point.7,2,4,4,0,4,2017-09-14T00:00:00,,5,Pariser Straße ggü HsNr 17,0,In Betrieb befindliche Ladesäulen,POINT (693357.6706008761 5333714.0254978575)
opendata_ruhver_els_point.8,2,4,4,0,4,2017-05-18T00:00:00,wird in Q1/23 um 1 Ladesäule erweitert,5,Seeriederstr. 29,0,In Betrieb befindliche Ladesäulen,POINT (693595.6047008815 5334462.696697838)
opendata_ruhver_els_point.9,2,4,4,0,4,2017-03-30T00:00:00,,13,Prinzregentenplatz,0,In Betrieb befindliche Ladesäulen,POINT (693768.8922008851 5335070.127497825)
opendata_ruhver_els_point.10,2,4,4,0,4,2017-03-31T00:00:00,,13,Stuntzstraße 2,0,In Betrieb befindliche Ladesäulen,POINT (694583.6447009034 5335435.813797768)
opendata_ruhver_els_point.11,2,4,4,0,4,2017-08-03T00:00:00,,13,Robert-Heger-Str. 20,0,In Betrieb befindliche Ladesäulen,POINT (696518.0661009484 5337300.138897616)
opendata_ruhver_els_point.12,2,4,4,0,4,2017-08-03T00:00:00,,13,Fritz-Meyer-Weg 55,0,In Betrieb befindliche Ladesäulen,POINT (695943.4972009343 5338825.069897656)
opendata_ruhver_els_point.13,2,4,4,0,4,2018-07-11T00:00:00,,15,Graf-Lehndorff-Str. 18,0,In Betrieb befindliche Ladesäulen,POINT (699183.5446010138 5335562.666497406)
opendata_ruhver_els_point.14,1,2,2,0,2,2017-09-01T00:00:00,,15,Riemer Straße 347,0,In Betrieb befindliche Ladesäulen,POINT (699461.9955010209 5335412.798397382)
opendata_ruhver_els_point.15,1,2,2,0,2,2017-09-01T00:00:00,,15,Georg-Kerschensteiner-Str. 14,0,In Betrieb befindliche Ladesäulen,POINT (700664.1846010518 5334394.480197282)
opendata_ruhver_els_point.16,2,4,4,0,4,2018-07-11T00:00:00,,15,Solalindenstr. 26,0,In Betrieb befindliche Ladesäulen,POINT (699028.5433010107 5332995.251897426)
opendata_ruhver_els_point.17,2,4,4,0,4,2018-01-15T00:00:00,,14,Permoserplatz 1,0,In Betrieb befindliche Ladesäulen,POINT (697102.7209009633 5333678.26939758)
opendata_ruhver_els_point.18,1,2,2,0,2,2017-10-13T00:00:00,,14,Gronsdorfer Straße 1 / Josephsburgerstr. 133,0,In Betrieb befindliche Ladesäulen,POINT (696772.6660009555 5333457.421297607)
opendata_ruhver_els_point.19,2,4,4,0,4,2017-12-04T00:00:00,,14,Josephsburgstr. 36,0,In Betrieb befindliche Ladesäulen,POINT (695854.0093009336 5333688.474297677)
opendata_ruhver_els_point.20,2,4,4,0,4,2017-12-04T00:00:00,,14,Echardinger Str. 65,0,In Betrieb befindliche Ladesäulen,POINT (695166.2806009178 5333028.09339773)
opendata_ruhver_els_point.21,1,2,2,0,2,2017-03-31T00:00:00,,2,Lindwurmstr. 11,0,In Betrieb befindliche Ladesäulen,POINT (690798.0143008201 5334183.859298022)
opendata_ruhver_els_point.22,2,4,4,0,4,2017-12-11T00:00:00,,1,Klosterhofstr. 6,0,In Betrieb befindliche Ladesäulen,POINT (691278.8558008303 5334363.031697992)
opendata_ruhver_els_point.23,2,4,4,0,4,2018-08-08T00:00:00,,2,Landwehrstr. 11,0,In Betrieb befindliche Ladesäulen,POINT (690673.9002008173 5334624.976698032)
opendata_ruhver_els_point.24,2,4,4,0,4,2017-12-11T00:00:00,,1,Herzogspitalstr. 20,0,In Betrieb befindliche Ladesäulen,POINT (690963.2911008234 5334819.88889801)
opendata_ruhver_els_point.25,2,4,4,0,4,2017-12-11T00:00:00,,1,Parcellistr. 1,0,In Betrieb befindliche Ladesäulen,POINT (691289.8498008304 5335104.043897989)
opendata_ruhver_els_point.26,2,4,4,0,4,2017-12-04T00:00:00,,1,Jungfernturmstr.,0,In Betrieb befindliche Ladesäulen,POINT (691413.156500833 5335294.030097983)
opendata_ruhver_els_point.27,2,4,4,0,4,2018-06-13T00:00:00,,3,Karolinenplatz 1,0,In Betrieb befindliche Ladesäulen,POINT (691140.1763008271 5335517.955397999)
opendata_ruhver_els_point.28,2,4,4,0,4,2017-12-04T00:00:00,,1,Maximilianstr. 14,0,In Betrieb befindliche Ladesäulen,POINT (692002.397300846 5334956.394197944)
opendata_ruhver_els_point.29,1,2,2,0,2,2017-09-18T00:00:00,,1,Pfarrstraße 1,0,In Betrieb befindliche Ladesäulen,POINT (692492.0838008567 5335022.539197913)
opendata_ruhver_els_point.30,2,4,4,0,4,2017-08-08T00:00:00,,1,Liebigstraße ggü. 7+9,0,In Betrieb befindliche Ladesäulen,POINT (692414.0294008548 5335252.489397917)
opendata_ruhver_els_point.31,1,2,2,0,2,2017-10-12T00:00:00,,3,Schellingstr. 10,0,In Betrieb befindliche Ladesäulen,POINT (691800.8208008412 5336137.455697956)
opendata_ruhver_els_point.32,1,2,2,0,2,2018-04-18T00:00:00,,3,Luisenstr. 22,0,In Betrieb befindliche Ladesäulen,POINT (690796.6668008197 5335907.641998021)
opendata_ruhver_els_point.33,1,2,2,0,2,2017-05-12T00:00:00,,3,Theresienstr. 53,0,In Betrieb befindliche Ladesäulen,POINT (690788.4018008194 5336241.988398019)
opendata_ruhver_els_point.34,1,2,2,0,2,2017-05-02T00:00:00,,3,Schellingstr. 106 Ecke Augustenstr.,0,In Betrieb befindliche Ladesäulen,POINT (690777.9701008191 5336530.3000980215)
opendata_ruhver_els_point.35,2,4,4,0,4,2017-07-21T00:00:00,,3,Schellingstraße 151,0,In Betrieb befindliche Ladesäulen,POINT (690377.7877008105 5336670.381698043)
opendata_ruhver_els_point.36,2,4,4,0,4,2017-03-30T00:00:00,,9,Lothstr. 64,0,In Betrieb befindliche Ladesäulen,POINT (690063.021900804 5336704.157198064)
opendata_ruhver_els_point.37,2,4,4,0,4,2018-04-25T00:00:00,,4,Nordendstraße 23,0,In Betrieb befindliche Ladesäulen,POINT (691513.3518008348 5336785.967997973)
opendata_ruhver_els_point.38,2,4,4,0,4,2017-11-10T00:00:00,,12,Friedrichstr. 36,0,In Betrieb befindliche Ladesäulen,POINT (691882.4430008428 5337394.528597947)
opendata_ruhver_els_point.39,2,4,4,0,4,2017-10-13T00:00:00,,12,Occamstr. 21,0,In Betrieb befindliche Ladesäulen,POINT (692613.2299008586 5337673.814597899)
opendata_ruhver_els_point.40,2,4,4,0,4,2018-04-18T00:00:00,,12,Kunigundenstr. 30,0,In Betrieb befindliche Ladesäulen,POINT (692716.890900861 5338004.51369789)
opendata_ruhver_els_point.41,3,6,6,0,6,2017-03-13T00:00:00,Eröffnungsstandort vom 31.03.2017,4,Karl-Theodor-Str. gegenüber 47,0,In Betrieb befindliche Ladesäulen,POINT (691736.3125008394 5338040.853597956)
opendata_ruhver_els_point.42,2,4,4,0,4,2017-04-04T00:00:00,,4,Hiltenspergerstr. gegenüber 51,0,In Betrieb befindliche Ladesäulen,POINT (690872.6881008209 5337361.153898012)
opendata_ruhver_els_point.43,2,4,4,0,4,2017-03-23T00:00:00,,4,Winzererstr. 90,0,In Betrieb befindliche Ladesäulen,POINT (690512.0228008132 5337452.882398034)
opendata_ruhver_els_point.44,2,4,4,0,4,2017-10-13T00:00:00,,4,Centa-Herker-Bogen 15-17,0,In Betrieb befindliche Ladesäulen,POINT (690062.6188008038 5338045.540698062)
opendata_ruhver_els_point.45,1,2,2,0,2,2017-09-14T00:00:00,,4,Bechsteinstr. 7,0,In Betrieb befindliche Ladesäulen,POINT (690728.7465008178 5338219.38359802)
opendata_ruhver_els_point.46,1,2,2,0,2,2017-11-15T00:00:00,,4,Gartenstr. 1,0,In Betrieb befindliche Ladesäulen,POINT (690506.338100813 5338631.076098033)
opendata_ruhver_els_point.47,1,2,2,0,2,2018-04-11T00:00:00,,4,Kölner Platz 6,0,In Betrieb befindliche Ladesäulen,POINT (691647.9253008374 5338395.58739796)
opendata_ruhver_els_point.48,2,4,4,0,4,2017-07-21T00:00:00,,12,Hollandstraße 2,0,In Betrieb befindliche Ladesäulen,POINT (693056.3899008682 5338714.387797867)
opendata_ruhver_els_point.49,1,2,2,0,2,2017-03-17T00:00:00,,11,Knorrstr. 20,0,In Betrieb befindliche Ladesäulen,POINT (691279.8118008291 5339534.608197982)
opendata_ruhver_els_point.50,3,6,6,0,6,2018-08-08T00:00:00,,11,Griegstr. 9,0,In Betrieb befindliche Ladesäulen,POINT (691931.4774008433 5339766.28879794)
opendata_ruhver_els_point.51,2,4,4,0,4,2018-06-13T00:00:00,,12,"Marianne-Brandt-Straße, Ecke Lyonel-Feininger Straße",50,In Betrieb befindliche Ladesäulen an Mobilitätsstationen (ggf. mit Beschränkung „nur für Carsharing-Fahrzeuge“),POINT (692783.7138008621 5339648.600997883)
opendata_ruhver_els_point.52,2,4,4,0,4,2017-07-21T00:00:00,,12,Domagkstraße 56,0,In Betrieb befindliche Ladesäulen,POINT (693453.1600008769 5339590.892997837)
opendata_ruhver_els_point.53,1,2,2,0,2,2017-09-20T00:00:00,Ergänzung am 15.05.2019,12,Gertrud-Grunow-Str. 7,50,In Betrieb befindliche Ladesäulen an Mobilitätsstationen (ggf. mit Beschränkung „nur für Carsharing-Fahrzeuge“),POINT (693001.4542008666 5340006.492797866)
opendata_ruhver_els_point.54,2,4,4,0,4,2018-04-11T00:00:00,,12,Grasmeierstr./Ecke Ungererstr.,0,In Betrieb befindliche Ladesäulen,POINT (693865.9180008861 5339941.471797808)
opendata_ruhver_els_point.55,2,4,4,0,4,2017-09-01T00:00:00,,12,ggü. Floriansmühlstraße 17,0,In Betrieb befindliche Ladesäulen,POINT (694739.8443009057 5340928.200697743)
opendata_ruhver_els_point.56,1,2,2,0,2,2018-07-18T00:00:00,,11,Helene-Mayer-Ring 2,0,In Betrieb befindliche Ladesäulen,POINT (689789.6011007975 5339800.789998077)
opendata_ruhver_els_point.57,2,4,4,0,4,2017-07-14T00:00:00,,24,Blodigstraße 1,0,In Betrieb befindliche Ladesäulen,POINT (689892.463500799 5343193.976198064)
opendata_ruhver_els_point.58,1,2,2,0,2,2017-07-14T00:00:00,,24,Josef-Frankl-Straße 1,0,In Betrieb befindliche Ladesäulen,POINT (688667.3914007737 5343189.008798135)
opendata_ruhver_els_point.59,1,2,2,0,2,2017-07-21T00:00:00,,10,Pelkovenstraße 70 / Leipziger Straße,0,In Betrieb befindliche Ladesäulen,POINT (687202.491200745 5339563.784498225)
opendata_ruhver_els_point.60,2,4,4,0,4,2017-07-21T00:00:00,,10,Bunzlauer Straße 22-30,0,In Betrieb befindliche Ladesäulen,POINT (686468.9518007308 5339443.216098265)
opendata_ruhver_els_point.61,1,2,2,0,2,2017-07-14T00:00:00,,23,Hiltlstraße 45,0,In Betrieb befindliche Ladesäulen,POINT (684422.2090006915 5339695.607298371)
opendata_ruhver_els_point.62,1,2,2,0,2,2017-07-14T00:00:00,,23,ggü St.-Johann-Straße 2,0,In Betrieb befindliche Ladesäulen,POINT (683233.5580006693 5340613.617998427)
opendata_ruhver_els_point.63,2,4,4,0,4,2018-07-18T00:00:00,,21,Wöhlerstr. / Faistenlohestr. 15,0,In Betrieb befindliche Ladesäulen,POINT (683238.8771006698 5338042.35149843)
opendata_ruhver_els_point.64,2,4,4,0,4,2017-09-01T00:00:00,,21,Packenreiterstraße 43,0,In Betrieb befindliche Ladesäulen,POINT (684064.964500685 5337457.726598391)
opendata_ruhver_els_point.65,2,4,4,0,4,2018-07-18T00:00:00,,21,Menterstr. 120,0,In Betrieb befindliche Ladesäulen,POINT (683486.9483006746 5337148.506698418)
opendata_ruhver_els_point.66,2,4,4,0,4,2018-07-18T00:00:00,,21,Lucia-Popp-Bogen / Bergsonstraße 101c,0,In Betrieb befindliche Ladesäulen,POINT (681160.4052006328 5337324.091898526)
opendata_ruhver_els_point.67,1,4,4,0,4,2018-07-18T00:00:00,"Zu Beginn bis 10/2019 2 Ladesäulen, dann Umzug in Balanstr. 382",21,Kremser Str. 21,0,In Betrieb befindliche Ladesäulen,POINT (684393.5934006915 5335383.475298379)
opendata_ruhver_els_point.68,1,2,2,0,2,2018-07-18T00:00:00,,21,Lohensteinstr.8,0,In Betrieb befindliche Ladesäulen,POINT (684627.9193006959 5335129.509898366)
opendata_ruhver_els_point.69,2,4,4,0,4,2017-09-19T00:00:00,,25,Gotthardstraße ggü. 58 + 60,0,In Betrieb befindliche Ladesäulen,POINT (685932.362700721 5334386.631398302)
opendata_ruhver_els_point.70,2,4,4,0,4,2017-10-13T00:00:00,,9,Trivastr. 18,0,In Betrieb befindliche Ladesäulen,POINT (688964.064900781 5337375.668898128)
opendata_ruhver_els_point.71,1,2,2,0,2,2017-10-12T00:00:00,,9,Leonrodplatz 5,0,In Betrieb befindliche Ladesäulen,POINT (689380.2458007897 5337151.415498103)
opendata_ruhver_els_point.72,2,4,4,0,4,2017-10-06T00:00:00,,9,Artilleriestr. 13,0,In Betrieb befindliche Ladesäulen,POINT (688852.2512007788 5336864.083298136)
opendata_ruhver_els_point.73,1,2,2,0,2,2017-03-17T00:00:00,,9,Albrechtstr. 2/Lazarettstr.,0,In Betrieb befindliche Ladesäulen,POINT (689279.0095007878 5336250.678998111)
opendata_ruhver_els_point.74,1,2,2,0,2,2017-10-13T00:00:00,,25,Friedenheimer Str. 33,0,In Betrieb befindliche Ladesäulen,POINT (686794.9239007379 5334773.550998256)
opendata_ruhver_els_point.75,2,4,4,0,4,2018-06-13T00:00:00,,3,Hopfenstr. 7,0,In Betrieb befindliche Ladesäulen,POINT (690021.9579008033 5335420.843698068)
opendata_ruhver_els_point.76,2,4,4,0,4,2017-08-01T00:00:00,,2,Grasserstr. 6,0,In Betrieb befindliche Ladesäulen,POINT (689559.6443007938 5335020.191398096)
opendata_ruhver_els_point.77,1,2,2,0,2,2017-12-11T00:00:00,,1,Tal 36,0,In Betrieb befindliche Ladesäulen,POINT (691974.7590008454 5334596.102797947)
opendata_ruhver_els_point.78,2,4,4,0,4,2017-12-04T00:00:00,,1,Westenriederstr. ggü. 39/41,0,In Betrieb befindliche Ladesäulen,POINT (691935.9703008445 5334522.24169795)
opendata_ruhver_els_point.79,2,4,4,0,4,2017-07-21T00:00:00,,2,Rumfordstraße 7/Reichenbachplatz,0,In Betrieb befindliche Ladesäulen,POINT (691682.342600839 5334337.211097966)
opendata_ruhver_els_point.80,2,4,4,0,4,2017-04-27T00:00:00,,8,Ligsalzstr. 44,0,In Betrieb befindliche Ladesäulen,POINT (689108.3417007845 5334328.136698126)
opendata_ruhver_els_point.81,1,2,2,0,2,2018-08-08T00:00:00,,2,Beethovenspl. 4,0,In Betrieb befindliche Ladesäulen,POINT (690329.5505008099 5334199.539298053)
opendata_ruhver_els_point.82,2,4,4,0,4,2018-08-08T00:00:00,,8,Hans-Fischer-Str. 10,0,In Betrieb befindliche Ladesäulen,POINT (689294.9635007884 5333655.827698117)
opendata_ruhver_els_point.83,2,4,4,0,4,2017-06-08T00:00:00,,2,Bavariastr. 5a,0,In Betrieb befindliche Ladesäulen,POINT (689465.8207007921 5333497.306098106)
opendata_ruhver_els_point.84,2,4,4,0,4,2017-11-10T00:00:00,,6,Ganghoferstr. 94-96,0,In Betrieb befindliche Ladesäulen,POINT (688927.315600781 5333474.370498138)
opendata_ruhver_els_point.85,2,4,4,0,4,2018-06-13T00:00:00,,6,Daiserstr. 1 / Lindwurmstraße 203,0,In Betrieb befindliche Ladesäulen,POINT (689316.2698007891 5332984.276498116)
opendata_ruhver_els_point.86,1,2,2,0,2,2017-06-12T00:00:00,,6,Implerstr. 28,0,In Betrieb befindliche Ladesäulen,POINT (689638.9648007958 5332841.439498098)
opendata_ruhver_els_point.87,2,4,4,0,4,2017-05-18T00:00:00,,7,Nestroystraße 7,0,In Betrieb befindliche Ladesäulen,POINT (688619.7176007747 5332893.125798156)
opendata_ruhver_els_point.88,2,4,4,0,4,2017-06-19T00:00:00,,7,Sachsenkamstr. 2,0,In Betrieb befindliche Ladesäulen,POINT (687989.7244007621 5332259.987298193)
opendata_ruhver_els_point.89,2,4,4,0,4,2018-08-08T00:00:00,,6,Lindenschmitstr. 11,0,In Betrieb befindliche Ladesäulen,POINT (689399.6741007919 5332582.837598111)
opendata_ruhver_els_point.90,2,4,4,0,4,2017-10-12T00:00:00,,7,Johann-Clanze-Str.24,0,In Betrieb befindliche Ladesäulen,POINT (688620.441900775 5331934.534198157)
opendata_ruhver_els_point.91,3,6,6,0,6,2017-09-14T00:00:00,,18,Krumpterstr. 6,0,In Betrieb befindliche Ladesäulen,POINT (691321.7434008317 5332058.623997995)
opendata_ruhver_els_point.92,1,2,2,0,2,2017-03-27T00:00:00,,17,Werinherstr. 2,0,In Betrieb befindliche Ladesäulen,POINT (692082.4401008482 5332360.635897945)
opendata_ruhver_els_point.93,2,4,4,0,4,2017-10-13T00:00:00,,17,Herzogstandstr. 6,0,In Betrieb befindliche Ladesäulen,POINT (692253.8694008519 5332376.425497932)
opendata_ruhver_els_point.94,1,2,2,0,2,2017-05-12T00:00:00,,20,Guardinistr. 46 in Stiftsbogen,0,In Betrieb befindliche Ladesäulen,POINT (685686.3467007165 5332380.394198316)
opendata_ruhver_els_point.95,1,2,2,0,2,2017-05-12T00:00:00,,20,Marchioninistr. 10,0,In Betrieb befindliche Ladesäulen,POINT (684317.9164006907 5331871.315898385)
opendata_ruhver_els_point.96,1,2,2,0,2,2017-06-19T00:00:00,,7,Waldfriedhofstr. 115 in Pählstraße,0,In Betrieb befindliche Ladesäulen,POINT (686353.1488007297 5331759.694498284)
opendata_ruhver_els_point.97,2,4,4,0,4,2017-09-27T00:00:00,,19,Appenzellerstraße 19,0,In Betrieb befindliche Ladesäulen,POINT (684625.4324006969 5329291.750198374)
opendata_ruhver_els_point.98,3,6,6,0,6,2018-06-06T00:00:00,,19,ggü. Sollner Str. 67,0,In Betrieb befindliche Ladesäulen,POINT (688142.0069007659 5327969.13889819)
opendata_ruhver_els_point.99,2,4,4,0,4,2017-09-27T00:00:00,,19,Gmunderstr. 35-35a,0,In Betrieb befindliche Ladesäulen,POINT (688104.4432007647 5330206.939098189)
opendata_ruhver_els_point.100,1,2,2,0,2,2018-06-06T00:00:00,,19,ggü. Colmarer Str. 1,0,In Betrieb befindliche Ladesäulen,POINT (688930.3808007818 5330080.432098142)
opendata_ruhver_els_point.101,2,4,4,0,4,2018-07-11T00:00:00,,19,Kleinstr. 2,0,In Betrieb befindliche Ladesäulen,POINT (689076.3865007847 5330520.335398135)
opendata_ruhver_els_point.102,1,2,2,0,2,2017-05-18T00:00:00,,19,Alfred-Schmid-Str. 34,0,In Betrieb befindliche Ladesäulen,POINT (689555.8421007944 5330879.638598106)
opendata_ruhver_els_point.103,1,2,2,0,2,2017-05-18T00:00:00,,19,Am Isarkanal 36,0,In Betrieb befindliche Ladesäulen,POINT (689717.2357007978 5330783.143998096)
opendata_ruhver_els_point.104,2,4,4,0,4,2018-07-11T00:00:00,,6,Schöttlstr. 18,0,In Betrieb befindliche Ladesäulen,POINT (688822.8639007792 5331538.5214981465)
opendata_ruhver_els_point.105,2,4,4,0,4,2019-10-16T00:00:00,,16,Laibacher Str. 1,0,In Betrieb befindliche Ladesäulen,POINT (693836.1081008872 5332477.319597826)
opendata_ruhver_els_point.106,1,4,4,0,4,2019-04-17T00:00:00,,16,Adam-Berg-Str. 24,0,In Betrieb befindliche Ladesäulen,POINT (695197.4377009186 5332245.63149773)
opendata_ruhver_els_point.107,2,4,4,0,4,2019-09-25T00:00:00,,17,Hohenwaldeckstr. 18,0,In Betrieb befindliche Ladesäulen,POINT (693068.2237008698 5332494.1720978785)
opendata_ruhver_els_point.108,1,2,2,0,2,2018-12-27T00:00:00,,18,Theodolindenstr. 2a,0,In Betrieb befindliche Ladesäulen,POINT (690473.814200814 5329456.424598052)
opendata_ruhver_els_point.109,2,4,4,0,4,2019-09-04T00:00:00,,19,St.-Wendel-Str. 54,0,In Betrieb befindliche Ladesäulen,POINT (688755.8660007783 5329528.161398153)
opendata_ruhver_els_point.110,1,2,2,0,2,2019-10-16T00:00:00,,19,Friedastr. 25,0,In Betrieb befindliche Ladesäulen,POINT (688260.9989007683 5328404.447898183)
opendata_ruhver_els_point.111,2,4,4,0,4,2018-12-21T00:00:00,,19,Gulbranssonstr. 43 / Wilhelm-Busch-Str.,0,In Betrieb befindliche Ladesäulen,POINT (686649.214400736 5328461.731198273)
opendata_ruhver_els_point.112,2,4,4,0,4,2019-09-04T00:00:00,,19,Machtlfinger Straße 7,0,In Betrieb befindliche Ladesäulen,POINT (687168.5840007461 5330087.161098241)
opendata_ruhver_els_point.113,2,4,4,0,4,2019-09-18T00:00:00,,19,Halskestraße 11,0,In Betrieb befindliche Ladesäulen,POINT (687627.5073007552 5330545.464198216)
opendata_ruhver_els_point.114,2,4,4,0,4,2019-12-11T00:00:00,,19,Albert-Bayerle-Platz 2,0,In Betrieb befindliche Ladesäulen,POINT (688327.7347007694 5330524.506498178)
opendata_ruhver_els_point.115,1,2,2,0,2,2019-09-25T00:00:00,,19,Limmatstraße 2,0,In Betrieb befindliche Ladesäulen,POINT (686211.8129007271 5329826.294798293)
opendata_ruhver_els_point.116,2,4,4,0,4,2019-04-17T00:00:00,,20,Heiglhofstr. 53,0,In Betrieb befindliche Ladesäulen,POINT (684406.9353006925 5331413.661198382)
opendata_ruhver_els_point.117,2,4,4,0,4,2018-09-05T00:00:00,,7,Ettalstr. 44,0,In Betrieb befindliche Ladesäulen,POINT (687126.5515007447 5332453.999698238)
opendata_ruhver_els_point.118,2,4,4,0,4,2018-12-12T00:00:00,,7,Eichendorffplatz 7,0,In Betrieb befindliche Ladesäulen,POINT (687834.527000759 5331920.937698202)
opendata_ruhver_els_point.119,2,4,4,0,4,2018-12-05T00:00:00,,7,Konrad-Celtis-Str. 67 / Ecke Friedrich-Hebbel-Straße,0,In Betrieb befindliche Ladesäulen,POINT (688038.0529007632 5331684.58729819)
opendata_ruhver_els_point.120,2,4,4,0,4,2018-12-05T00:00:00,,7,Krüner Str. 2,0,In Betrieb befindliche Ladesäulen,POINT (688149.2270007652 5332557.141298185)
opendata_ruhver_els_point.121,2,4,4,0,4,2018-12-05T00:00:00,,7,"Fernpaßstr. 46, Ecke Hinterbärenbadstr.",0,In Betrieb befindliche Ladesäulen,POINT (687737.9887007568 5332742.679198206)
opendata_ruhver_els_point.122,2,4,4,0,4,2018-07-18T00:00:00,,7,Cimbernstr. 15,0,In Betrieb befindliche Ladesäulen,POINT (687243.821900747 5331659.118198237)
opendata_ruhver_els_point.123,2,4,4,0,4,2018-09-05T00:00:00,,2,Zenettiplatz (City2Share),50,In Betrieb befindliche Ladesäulen an Mobilitätsstationen (ggf. mit Beschränkung „nur für Carsharing-Fahrzeuge“),POINT (690182.9893008071 5333291.043798063)
opendata_ruhver_els_point.124,1,2,2,0,2,2018-10-03T00:00:00,,2,Am Glockenbach (City2Share),50,In Betrieb befindliche Ladesäulen an Mobilitätsstationen (ggf. mit Beschränkung „nur für Carsharing-Fahrzeuge“),POINT (690997.6878008244 5333521.526098011)
opendata_ruhver_els_point.125,2,2,2,0,2,2019-08-21T00:00:00,,2,Ehrengutstr. 5-7,0,In Betrieb befindliche Ladesäulen,POINT (690465.2673008132 5332951.634198045)
opendata_ruhver_els_point.126,2,4,4,0,4,2018-09-05T00:00:00,,6,Meindlstr. 20,0,In Betrieb befindliche Ladesäulen,POINT (688890.3317007802 5332470.687698141)
opendata_ruhver_els_point.127,2,4,4,0,4,2018-11-28T00:00:00,,8,Ridlerstr. 55,0,In Betrieb befindliche Ladesäulen,POINT (688394.0730007698 5334315.800098166)
opendata_ruhver_els_point.128,2,4,4,0,4,2019-04-29T00:00:00,,25,Fürstenriederstr. 154 / Saherrstraße,0,In Betrieb befindliche Ladesäulen,POINT (686199.2672007263 5333440.155698288)
opendata_ruhver_els_point.129,2,4,4,0,4,2019-10-16T00:00:00,,25,Inderstorferstr. 2,0,In Betrieb befindliche Ladesäulen,POINT (686153.3428007255 5333667.745398291)
opendata_ruhver_els_point.130,2,4,4,0,4,2018-12-05T00:00:00,Senkrechtparker,25,Aindorferstr. 91a,0,In Betrieb befindliche Ladesäulen,POINT (686003.9546007224 5333899.750998299)
opendata_ruhver_els_point.131,2,4,4,0,4,2019-09-11T00:00:00,,25,Guido-Schneble-Str. 76,0,In Betrieb befindliche Ladesäulen,POINT (685616.5573007159 5333663.21229832)
opendata_ruhver_els_point.132,2,4,4,0,4,2018-12-12T00:00:00,Senkrechtparker,20,Alpenveilchenstr. 1 / Gondrellpl. 1,0,In Betrieb befindliche Ladesäulen,POINT (685289.4648007089 5333171.353398336)
opendata_ruhver_els_point.133,2,4,4,0,4,2019-09-04T00:00:00,,25,Hönigschmidplatz,0,In Betrieb befindliche Ladesäulen,POINT (685229.8262007076 5333760.608798339)
opendata_ruhver_els_point.134,2,4,4,0,4,2018-12-05T00:00:00,,25,Aindorferstr. 135,0,In Betrieb befindliche Ladesäulen,POINT (685594.1170007145 5334010.582798319)
opendata_ruhver_els_point.135,1,2,2,0,2,2018-12-05T00:00:00,,20,Türkenbundweg 9 / Ecke Krokusstr.,0,In Betrieb befindliche Ladesäulen,POINT (684670.1611006971 5333297.808798367)
opendata_ruhver_els_point.136,2,4,4,0,4,2019-03-27T00:00:00,,20,Terofalstr. 4 / Ecke Rolf-Pinegger-Str.,0,In Betrieb befindliche Ladesäulen,POINT (684346.7478006909 5333246.0858983835)
opendata_ruhver_els_point.137,2,4,4,0,4,2019-09-18T00:00:00,,20,Blumenauer Straße 21 - Südseite in der Wastl-Witt-Str.,0,In Betrieb befindliche Ladesäulen,POINT (684066.1081006856 5333507.178998396)
opendata_ruhver_els_point.138,1,2,2,0,2,2019-04-29T00:00:00,,20,Silberdistelstraße 55,0,In Betrieb befindliche Ladesäulen,POINT (684407.147600692 5333681.56389838)
opendata_ruhver_els_point.139,2,4,4,0,4,2019-09-04T00:00:00,,25,Agnes-Bernauer-Platz 8,0,In Betrieb befindliche Ladesäulen,POINT (685710.6557007167 5334898.457198311)
opendata_ruhver_els_point.140,3,2,2,0,4,2019-05-29T00:00:00,offenbar nur 2 ELS,25,Landsberger Str. 337,0,In Betrieb befindliche Ladesäulen,POINT (685493.0947007125 5335296.794698322)
opendata_ruhver_els_point.141,1,2,2,0,2,2018-12-21T00:00:00,,21,Mallnitzer Str. 60,0,In Betrieb befindliche Ladesäulen,POINT (684955.0472007022 5335039.1530983485)
opendata_ruhver_els_point.142,1,2,2,0,2,2018-11-28T00:00:00,,21,ggü. Bäckerstr. 14,0,In Betrieb befindliche Ladesäulen,POINT (683100.4798006677 5335417.98359844)
opendata_ruhver_els_point.143,2,3,5,2,4,2018-11-07T00:00:00,Umbau Q1 / 2021,21,Kaflerstr. 15,60,In Betrieb befindliche Schnellladesäulen,POINT (682807.8424006624 5335859.142398452)
opendata_ruhver_els_point.144,2,4,4,0,4,2018-07-16T00:00:00,,21,Volmstr. 31,0,In Betrieb befindliche Ladesäulen,POINT (682494.5537006566 5335878.768898467)
opendata_ruhver_els_point.145,1,2,2,0,2,2018-11-07T00:00:00,1 LP für Carsharing,22,Mobilitätsstation: Mainaustraße 71,50,In Betrieb befindliche Ladesäulen an Mobilitätsstationen (ggf. mit Beschränkung „nur für Carsharing-Fahrzeuge“),POINT (681052.0077006309 5335722.744798533)
opendata_ruhver_els_point.146,1,2,2,0,2,2018-07-11T00:00:00,beide LP für Carsharing,22,"Mobilitätsstation Westkreuz, Friedrichshafener Straße",50,In Betrieb befindliche Ladesäulen an Mobilitätsstationen (ggf. mit Beschränkung „nur für Carsharing-Fahrzeuge“),POINT (681640.3918006413 5335638.2480985075)
opendata_ruhver_els_point.147,1,1,3,2,2,2018-07-18T00:00:00,,21,Wensauerplatz/August-Exter-Straße,60,In Betrieb befindliche Schnellladesäulen,POINT (683163.6975006687 5336055.371298437)
opendata_ruhver_els_point.148,2,4,4,0,4,2018-07-16T00:00:00,,21,Josef-Lang-Str.7,0,In Betrieb befindliche Ladesäulen,POINT (683823.556200682 5335913.588798405)
opendata_ruhver_els_point.149,2,4,4,0,4,2018-11-28T00:00:00,,9,Rosa-Bavarese-Str. 1,0,In Betrieb befindliche Ladesäulen,POINT (686140.4946007248 5335662.40159829)
opendata_ruhver_els_point.150,1,2,2,0,2,2018-07-11T00:00:00,1 LP für Carsharing,22,"Mobilitätsstation Neuaubing, Bodenseestraße",50,In Betrieb befindliche Ladesäulen an Mobilitätsstationen (ggf. mit Beschränkung „nur für Carsharing-Fahrzeuge“),POINT (680253.8855006173 5335025.304998566)
opendata_ruhver_els_point.151,1,2,2,0,2,2018-07-18T00:00:00,1 LP für Carsharing,22,Mobilitätsstation Wiesentfelsstr.,50,In Betrieb befindliche Ladesäulen an Mobilitätsstationen (ggf. mit Beschränkung „nur für Carsharing-Fahrzeuge“),POINT (679528.4421006048 5335389.3453985965)
opendata_ruhver_els_point.152,1,2,2,0,2,2018-07-18T00:00:00,1 LP für Carsharing,22,Mobilitätsstation Aubing,50,In Betrieb befindliche Ladesäulen an Mobilitätsstationen (ggf. mit Beschränkung „nur für Carsharing-Fahrzeuge“),POINT (679545.781800605 5336411.088298595)
opendata_ruhver_els_point.153,1,2,2,0,2,2018-10-03T00:00:00,1 LP für Carsharing,22,Mobilitätsstation: Ilse-Fehling-Straße,50,In Betrieb befindliche Ladesäulen an Mobilitätsstationen (ggf. mit Beschränkung „nur für Carsharing-Fahrzeuge“),POINT (680535.4857006219 5336422.580298553)
opendata_ruhver_els_point.154,2,4,4,0,4,2018-10-24T00:00:00,,21,Peter-Kreuder-Straße 5,0,In Betrieb befindliche Ladesäulen,POINT (681866.5744006453 5336945.255398494)
opendata_ruhver_els_point.155,1,2,2,0,2,2018-10-03T00:00:00,1 LP für Carsharing,22,Mobilitätsstation Freiham,50,In Betrieb befindliche Ladesäulen an Mobilitätsstationen (ggf. mit Beschränkung „nur für Carsharing-Fahrzeuge“),POINT (679353.8507006022 5334586.111898605)
opendata_ruhver_els_point.156,2,4,4,0,4,2018-11-28T00:00:00,,10,Donauwörthstraße 51 ggü.,0,In Betrieb befindliche Ladesäulen,POINT (685543.3586007126 5339782.170298314)
opendata_ruhver_els_point.157,1,2,2,0,2,2018-11-28T00:00:00,,10,Riesstraße Ecke Werner-Friedmann-Bogen,0,In Betrieb befindliche Ladesäulen,POINT (688559.3001007722 5339910.470098148)
opendata_ruhver_els_point.158,3,6,6,0,6,2018-10-03T00:00:00,,10,Gärtnerstraße 60,0,In Betrieb befindliche Ladesäulen,POINT (688114.4541007634 5339142.722898175)
opendata_ruhver_els_point.159,2,4,4,0,4,2019-06-06T00:00:00,,12,Leopoldstraße 49 / Südseite Kaiserstraße,0,In Betrieb befindliche Ladesäulen,POINT (692258.642300851 5337358.314497923)
opendata_ruhver_els_point.160,1,2,2,0,2,2018-10-03T00:00:00,,12,Mobilitätsstation Max-Bill-Straße 14,50,In Betrieb befindliche Ladesäulen an Mobilitätsstationen (ggf. mit Beschränkung „nur für Carsharing-Fahrzeuge“),POINT (692727.6361008605 5340332.032597885)
opendata_ruhver_els_point.161,1,2,2,0,2,2017-05-24T00:00:00,E-Plan Ladesäulenstandort,4,Birnauer Straße 3,0,In Betrieb befindliche Ladesäulen,POINT (690730.5026008176 5338940.854398018)
opendata_ruhver_els_point.162,2,4,4,0,4,2018-09-05T00:00:00,,10,Pickelstr. 1,0,In Betrieb befindliche Ladesäulen,POINT (688440.7327007703 5338208.956798157)
opendata_ruhver_els_point.163,1,2,2,0,2,2018-12-21T00:00:00,,2,Goetheplatz (City2Share),50,In Betrieb befindliche Ladesäulen an Mobilitätsstationen (ggf. mit Beschränkung „nur für Carsharing-Fahrzeuge“),POINT (690353.0603008106 5333826.78899805)
opendata_ruhver_els_point.164,1,2,2,0,2,2019-08-21T00:00:00,,6,Esswurmstr. 5-7 / Roter-Turm-Platz 11,0,In Betrieb befindliche Ladesäulen,POINT (689524.9484007936 5331983.256498106)
opendata_ruhver_els_point.165,2,4,4,0,4,2018-10-10T00:00:00,,10,Emmy-Noether-Straße 2,0,In Betrieb befindliche Ladesäulen,POINT (688175.2872007646 5338432.5686981715)
opendata_ruhver_els_point.166,1,2,2,0,2,2019-11-20T00:00:00,Zwischen den Fahrzeugen mit Anfahrschutz,13,Schnorr-von-Carolsfeld-Straße 17,0,In Betrieb befindliche Ladesäulen,POINT (696822.1395009556 5337181.351497595)
opendata_ruhver_els_point.167,1,2,2,0,2,2019-07-10T00:00:00,,13,Delpstr. 34 / Denninger Straße 32,0,In Betrieb befindliche Ladesäulen,POINT (694354.3400008981 5336165.35899778)
opendata_ruhver_els_point.168,1,2,2,0,2,2019-07-10T00:00:00,,13,Delpstr. 17,0,In Betrieb befindliche Ladesäulen,POINT (694273.0511008964 5335845.805397786)
opendata_ruhver_els_point.169,1,2,2,0,2,2019-11-20T00:00:00,,13,Beetzstr. 7,0,In Betrieb befindliche Ladesäulen,POINT (694081.7991008923 5335327.681397802)
opendata_ruhver_els_point.170,2,4,4,0,4,2019-10-15T00:00:00,,13,Ismaninger Straße 57,0,In Betrieb befindliche Ladesäulen,POINT (693486.0456008787 5335374.547697843)
opendata_ruhver_els_point.171,2,4,4,0,4,2019-07-10T00:00:00,,13,Sternwartstr. 4,0,In Betrieb befindliche Ladesäulen,POINT (693685.433000883 5335766.08429783)
opendata_ruhver_els_point.172,1,2,2,0,2,2019-07-10T00:00:00,,13,Pienzenauerstr. 1 / Kufsteinplatz 1,0,In Betrieb befindliche Ladesäulen,POINT (693500.7136008788 5336291.979297842)
opendata_ruhver_els_point.173,2,4,4,0,4,2019-07-10T00:00:00,,13,Kolbergstr. 15,0,In Betrieb befindliche Ladesäulen,POINT (693808.1704008856 5336371.22069782)
opendata_ruhver_els_point.174,1,2,2,0,2,2019-05-29T00:00:00,,5,Lucile-Grahn-Str. 24,0,In Betrieb befindliche Ladesäulen,POINT (694000.9473008905 5334621.912697811)
opendata_ruhver_els_point.175,1,2,2,0,2,2019-05-29T00:00:00,,5,Steinstr. 29,0,In Betrieb befindliche Ladesäulen,POINT (693175.755400872 5334284.781897867)
opendata_ruhver_els_point.176,1,2,2,0,2,2019-05-15T00:00:00,,5,Holzhofstr. 4 / ggü. Holzhofstraße 1,0,In Betrieb befindliche Ladesäulen,POINT (692955.5949008672 5334237.0600978825)
opendata_ruhver_els_point.177,2,4,4,0,4,2019-05-29T00:00:00,,5,Aurbachstr. 11 / ggü. Aurbacherstr. 8,0,In Betrieb befindliche Ladesäulen,POINT (692761.5597008629 5333171.991797897)
opendata_ruhver_els_point.178,2,4,4,0,4,2019-05-15T00:00:00,,5,Lilienstr. 55 / ggü. Lilienstr. 42,0,In Betrieb befindliche Ladesäulen,POINT (692398.8695008549 5333826.457697921)
opendata_ruhver_els_point.179,2,4,4,0,4,2019-05-29T00:00:00,,5,Eduard-Schmid-Str. 2 / Schweigerstr. 2,0,In Betrieb befindliche Ladesäulen,POINT (692032.1474008468 5333712.440997944)
opendata_ruhver_els_point.180,2,4,4,0,4,2019-05-08T00:00:00,,5,Sommerstr. 1 / Kolumbusstr. 1 / Schlotthauerstr. 4,0,In Betrieb befindliche Ladesäulen,POINT (691676.932700839 5333181.325297969)
opendata_ruhver_els_point.181,1,2,2,0,2,2019-06-05T00:00:00,,12,ggü. Feilitzschstr. 17,0,In Betrieb befindliche Ladesäulen,POINT (692572.8375008579 5337438.626397902)
opendata_ruhver_els_point.182,1,2,2,0,2,2019-06-05T00:00:00,,12,Nikolaistraße / Ecke Leopoldstr. 56,0,In Betrieb befindliche Ladesäulen,POINT (692285.6236008515 5337213.608097921)
opendata_ruhver_els_point.183,2,4,4,0,4,2019-09-11T00:00:00,,12,Hörwarthstr. 2,0,In Betrieb befindliche Ladesäulen,POINT (692242.3019008504 5338269.249897922)
opendata_ruhver_els_point.184,1,2,2,0,2,2019-09-11T00:00:00,,12,Berliner Straße 68 / Ecke Schinkelstraße 2,0,In Betrieb befindliche Ladesäulen,POINT (692525.3789008565 5338879.409897903)
opendata_ruhver_els_point.185,2,4,4,0,4,2019-09-11T00:00:00,,12,Stengelstraße 2,0,In Betrieb befindliche Ladesäulen,POINT (692863.147900864 5338424.421997881)
opendata_ruhver_els_point.186,2,4,4,0,4,2019-09-11T00:00:00,,12,Grünecker Straße 14 / Ecke Kohlrauschstraße 19,0,In Betrieb befindliche Ladesäulen,POINT (693031.3511008675 5339509.700197866)
opendata_ruhver_els_point.187,1,2,2,0,2,2018-04-05T00:00:00,,10,Agnes-Pockels-Bogen 1,0,In Betrieb befindliche Ladesäulen,POINT (688265.6010007665 5338656.678198167)
opendata_ruhver_els_point.188,2,4,4,0,4,2019-10-16T00:00:00,,17,Weißenseestr. 1,0,In Betrieb befindliche Ladesäulen,POINT (693197.6727008731 5331526.068597871)
opendata_ruhver_els_point.189,2,4,4,0,4,2018-09-05T00:00:00,,6,Kidlerplatz (City2Share),50,In Betrieb befindliche Ladesäulen an Mobilitätsstationen (ggf. mit Beschränkung „nur für Carsharing-Fahrzeuge“),POINT (689148.6784007855 5332414.607498127)
opendata_ruhver_els_point.190,2,4,4,0,4,2018-10-03T00:00:00,,9,Raglovichstr. 3,0,In Betrieb befindliche Ladesäulen,POINT (688907.7128007798 5337189.531498131)
opendata_ruhver_els_point.191,2,4,4,0,4,2018-10-03T00:00:00,,9,Albrechtstr. 14,0,In Betrieb befindliche Ladesäulen,POINT (689002.7283007818 5336564.749598128)
opendata_ruhver_els_point.192,1,2,2,0,2,2018-04-12T00:00:00,SWM Privatgrund,9,Landshuter Allee 54,0,In Betrieb befindliche Ladesäulen,POINT (688722.2554007762 5336443.711598145)
opendata_ruhver_els_point.193,1,2,2,0,2,2017-03-17T00:00:00,wird in Q1/23 um 1 Ladesäule erweitert,9,Ysenburgstr./Nymphenburgstr. 168,0,In Betrieb befindliche Ladesäulen,POINT (688420.9552007699 5336523.235098161)
opendata_ruhver_els_point.194,2,4,4,0,4,2018-10-03T00:00:00,,9,Hirschbergstraße 2 / Landshuter Allee 27,0,In Betrieb befindliche Ladesäulen,POINT (688622.4598007742 5335986.91909815)
opendata_ruhver_els_point.195,2,4,4,0,4,2018-11-14T00:00:00,,9,Sedlmayerstr. 10a,0,In Betrieb befindliche Ladesäulen,POINT (688285.2534007676 5335692.157598171)
opendata_ruhver_els_point.196,1,2,2,0,2,2018-10-24T00:00:00,,9,Burghausenerstr. 1,0,In Betrieb befindliche Ladesäulen,POINT (688158.5273007647 5335600.548398177)
opendata_ruhver_els_point.197,1,2,2,0,2,2018-11-28T00:00:00,,9,Wendel-Dietrich-Str. 21a,0,In Betrieb befindliche Ladesäulen,POINT (687967.621300761 5336249.695198188)
opendata_ruhver_els_point.198,2,4,4,0,4,2018-12-12T00:00:00,,9,Steubenpl.3,0,In Betrieb befindliche Ladesäulen,POINT (687423.31410075 5336173.099498218)
opendata_ruhver_els_point.199,2,4,4,0,4,2018-11-14T00:00:00,,9,Lierstr. 14,0,In Betrieb befindliche Ladesäulen,POINT (686795.3802007375 5336348.309798253)
opendata_ruhver_els_point.200,2,4,4,0,4,2018-10-24T00:00:00,,9,Kriemhildenstr. 40,0,In Betrieb befindliche Ladesäulen,POINT (686650.6543007346 5336205.020398259)
opendata_ruhver_els_point.201,2,4,4,0,4,2018-11-14T00:00:00,,9,Gaßnerstr. 6,0,In Betrieb befindliche Ladesäulen,POINT (686590.3745007336 5336527.248198264)
opendata_ruhver_els_point.202,2,4,4,0,4,2018-11-28T00:00:00,,9,Romanstr. 70a,0,In Betrieb befindliche Ladesäulen,POINT (686867.1205007388 5336646.365698247)
opendata_ruhver_els_point.203,2,4,4,0,4,2019-06-05T00:00:00,,9,Waisenhausstr. 52,0,In Betrieb befindliche Ladesäulen,POINT (688058.1026007625 5337534.012098181)
opendata_ruhver_els_point.204,3,6,6,0,6,2018-11-12T00:00:00,"am 30.03.2023 neu Standortbegangen mit 3. AC Ladesäule. (Stellplatzlänge 6,0m)",9,Schloßschmidstr. 15,0,In Betrieb befindliche Ladesäulen,POINT (687310.8733007477 5335661.882598224)
opendata_ruhver_els_point.205,2,4,4,0,4,2019-10-16T00:00:00,,25,Landsberger Str. 261/259,0,In Betrieb befindliche Ladesäulen,POINT (686677.7720007355 5335159.822998259)
opendata_ruhver_els_point.206,2,4,4,0,4,2018-11-07T00:00:00,,25,Hans-Thonauer-Straße 34,0,In Betrieb befindliche Ladesäulen,POINT (686942.2994007409 5333967.013198247)
opendata_ruhver_els_point.207,2,4,4,0,4,2018-11-07T00:00:00,,25,Fachnerstraße 52,0,In Betrieb befindliche Ladesäulen,POINT (686717.3228007364 5333924.67429826)
opendata_ruhver_els_point.208,2,4,4,0,4,2018-12-05T00:00:00,,8,Barthstr. 15,0,In Betrieb befindliche Ladesäulen,POINT (688081.9379007635 5334876.547398183)
opendata_ruhver_els_point.209,2,4,4,0,4,2018-11-07T00:00:00,,25,Ludwig-Richter-Straße 21,0,In Betrieb befindliche Ladesäulen,POINT (687310.337700748 5334650.309998226)
opendata_ruhver_els_point.210,2,4,4,0,4,2017-12-04T00:00:00,,16,ggü. Rosenheimerstr. 172/Karl-Preis-Platz,0,In Betrieb befindliche Ladesäulen,POINT (694208.9319008957 5332710.2939978)
opendata_ruhver_els_point.211,2,4,4,0,4,2018-07-11T00:00:00,,16,ggü. Langbürgener Str. 4,0,In Betrieb befindliche Ladesäulen,POINT (694461.5191009017 5331846.010897784)
opendata_ruhver_els_point.212,1,2,2,0,2,2018-05-09T00:00:00,Reduktion von 3 auf 1 ELS am 17.01.2019,16,Hofangerstr. 84,0,In Betrieb befindliche Ladesäulen,POINT (695563.3247009272 5331891.040697702)
opendata_ruhver_els_point.213,2,4,4,0,4,2017-09-07T00:00:00,,16,Carl-Wery-Straße 42,0,In Betrieb befindliche Ladesäulen,POINT (696963.9818009611 5329361.459997604)
opendata_ruhver_els_point.214,2,4,4,0,4,2017-09-07T00:00:00,,16,Thomas-Dehler-Straße 20,0,In Betrieb befindliche Ladesäulen,POINT (696906.5763009593 5330631.263997603)
opendata_ruhver_els_point.215,2,4,4,0,4,2017-09-07T00:00:00,,16,Pfanzeltplatz 5,0,In Betrieb befindliche Ladesäulen,POINT (695860.7594009346 5330860.970197684)
opendata_ruhver_els_point.216,2,4,4,0,4,2017-09-27T00:00:00,,17,Wikingerstr. 51 / Cicinnatistr. 62 ,0,In Betrieb befindliche Ladesäulen,POINT (693502.6502008804 5329776.2141978545)
opendata_ruhver_els_point.217,2,4,4,0,4,2017-09-27T00:00:00,,18,Oberbibergerstr. 6,0,In Betrieb befindliche Ladesäulen,POINT (692155.4459008502 5330325.753097944)
opendata_ruhver_els_point.218,2,4,4,0,4,2018-08-22T00:00:00,,3,ggü. Sandstr. 47,0,In Betrieb befindliche Ladesäulen,POINT (690215.0100008072 5336187.002398055)
opendata_ruhver_els_point.219,1,2,2,0,2,2018-08-22T00:00:00,,9,Liprunstr. 57 / Lothstr.,0,In Betrieb befindliche Ladesäulen,POINT (689602.7395007946 5336295.435998092)
opendata_ruhver_els_point.220,1,2,2,0,2,2018-08-22T00:00:00,,9,Mailingerstr. 9,0,In Betrieb befindliche Ladesäulen,POINT (689350.3962007891 5335983.825098108)
opendata_ruhver_els_point.221,2,4,4,0,4,2018-08-22T00:00:00,,9,Mailingerstr. 30,0,In Betrieb befindliche Ladesäulen,POINT (689180.0529007857 5335796.702998118)
opendata_ruhver_els_point.222,2,4,4,0,4,2018-08-22T00:00:00,,9,Erika-Mann-Straße 59,0,In Betrieb befindliche Ladesäulen,POINT (688743.9050007768 5335348.511398144)
opendata_ruhver_els_point.223,2,4,4,0,4,2019-10-15T00:00:00,,2,Reisingerstr. 10,0,In Betrieb befindliche Ladesäulen,POINT (690852.7802008212 5334025.508398019)
opendata_ruhver_els_point.224,2,4,4,0,4,2019-04-17T00:00:00,,2,Klenzestr. 82,0,In Betrieb befindliche Ladesäulen,POINT (691234.3383008294 5333516.170897995)
opendata_ruhver_els_point.225,2,4,4,0,4,2019-10-16T00:00:00,,2,Baaderstr. 50,0,In Betrieb befindliche Ladesäulen,POINT (691782.8462008412 5333946.93649796)
opendata_ruhver_els_point.226,1,2,2,0,2,2017-08-18T00:00:00,,2,Morassistr. 10 - 14,0,In Betrieb befindliche Ladesäulen,POINT (692145.32650085 5334221.251397938)
opendata_ruhver_els_point.227,2,4,4,0,4,2019-05-15T00:00:00,,5,Innere Wiener Str. 7,0,In Betrieb befindliche Ladesäulen,POINT (692918.9182008661 5334374.121497885)
opendata_ruhver_els_point.228,1,1,3,2,2,2020-12-01T00:00:00,Erster neuer DC Standort,5,Pariser Straße 30,60,In Betrieb befindliche Schnellladesäulen,POINT (693384.8353008768 5333742.790897855)
opendata_ruhver_els_point.229,2,4,4,0,4,2019-05-29T00:00:00,,5,Sckellstr. 2,0,In Betrieb befindliche Ladesäulen,POINT (693149.6467008713 5334590.6225978695)
opendata_ruhver_els_point.230,3,6,6,0,6,2019-11-20T00:00:00,"Senkrechtparker mit 2,5m Stpl.Breite, am 30.03.2023 Standortbegangen für eine Dritte AC Ladesäule",1,ggü. Adelgundenstr. 1 / Ecke Thierschstr. 25,0,In Betrieb befindliche Ladesäulen,POINT (692426.7140008552 5334561.5778979175)
opendata_ruhver_els_point.231,2,4,4,0,4,2019-05-15T00:00:00,,1,Widenmayerstr. 14,0,In Betrieb befindliche Ladesäulen,POINT (692936.6157008664 5335123.486397883)
opendata_ruhver_els_point.232,2,4,4,0,4,2019-05-08T00:00:00,,1,ggü. Seeaustraße 1,0,In Betrieb befindliche Ladesäulen,POINT (692878.0035008652 5335569.075897885)
opendata_ruhver_els_point.233,2,4,4,0,4,2019-04-17T00:00:00,,1,Prinzregentenstr. 18 in Bruderstraße,0,In Betrieb befindliche Ladesäulen,POINT (692435.9914008554 5335437.070697915)
opendata_ruhver_els_point.234,2,4,4,0,4,2019-08-21T00:00:00,,1,Galeriestr. 4,0,In Betrieb befindliche Ladesäulen,POINT (691940.2801008443 5335502.833097947)
opendata_ruhver_els_point.235,2,4,4,0,4,2019-08-21T00:00:00,,3,Theresienstraße 48,0,In Betrieb befindliche Ladesäulen,POINT (691455.2288008338 5336000.392397978)
opendata_ruhver_els_point.236,2,4,4,0,4,2019-04-10T00:00:00,,3,ggü. Amalienstraße 93,0,In Betrieb befindliche Ladesäulen,POINT (691843.593000842 5336379.694597952)
opendata_ruhver_els_point.237,2,4,4,0,4,2019-11-20T00:00:00,,12,Leopoldstraße 7 / Nordseite Georgenstraße,0,In Betrieb befindliche Ladesäulen,POINT (692065.7709008469 5336665.504097936)
opendata_ruhver_els_point.238,2,4,4,0,4,2019-06-06T00:00:00,,12,Leopoldstr. 30 / Nordseite Giselastr.,0,In Betrieb befindliche Ladesäulen,POINT (692174.3629008492 5336816.98839793)
opendata_ruhver_els_point.239,2,4,4,0,4,2019-12-11T00:00:00,,12,Leopoldstr. 19 Ecke Franz-Joseph-Str.,0,In Betrieb befindliche Ladesäulen,POINT (692146.9614008486 5337010.047097931)
opendata_ruhver_els_point.240,1,2,2,0,2,2019-10-30T00:00:00,,12,Franz-Joseph-Str. 23 / Ostseite Friedrichstraße,0,In Betrieb befindliche Ladesäulen,POINT (691857.7677008423 5337037.365197949)
opendata_ruhver_els_point.241,2,4,4,0,4,2019-04-10T00:00:00,,4,Ainmillerstr. 39,0,In Betrieb befindliche Ladesäulen,POINT (691559.5672008359 5337190.776097969)
opendata_ruhver_els_point.242,1,2,2,0,2,2017-09-01T00:00:00,E-Plan Ladesäulenstandort,4,Bauerstr. 4,0,In Betrieb befindliche Ladesäulen,POINT (691411.3855008325 5337168.662797978)
opendata_ruhver_els_point.243,2,4,4,0,4,2019-04-29T00:00:00,,4,Jakob-Klar-Str. 14 / Hohenzollernstr. 69,0,In Betrieb befindliche Ladesäulen,POINT (691253.8377008293 5337339.802797988)
opendata_ruhver_els_point.244,2,4,4,0,4,2019-04-10T00:00:00,,4,Georgenstr. 104,0,In Betrieb befindliche Ladesäulen,POINT (690950.3995008229 5336919.1865980085)
opendata_ruhver_els_point.245,2,4,4,0,4,2019-04-10T00:00:00,Schrägparker,12,Clemensstr. 12,0,In Betrieb befindliche Ladesäulen,POINT (692114.2378008476 5337708.749197931)
opendata_ruhver_els_point.246,1,2,2,0,2,,nur E-Carsharing,12,Münchner Freiheit / Leopoldstraße ggü. 81,50,In Betrieb befindliche Ladesäulen an Mobilitätsstationen (ggf. mit Beschränkung „nur für Carsharing-Fahrzeuge“),POINT (692330.6084008524 5337662.650497919)
opendata_ruhver_els_point.247,2,4,4,0,4,2019-04-29T00:00:00,,12,Eisenacherstr. 17,0,In Betrieb befindliche Ladesäulen,POINT (691987.2588008447 5338814.841797939)
opendata_ruhver_els_point.248,2,4,4,0,4,2019-04-29T00:00:00,,4,Kraepelinstr. 41,0,In Betrieb befindliche Ladesäulen,POINT (691407.9240008321 5338747.844897976)
opendata_ruhver_els_point.249,1,2,2,0,2,2017-03-23T00:00:00,E-Plan Ladesäulenstandort,11,Knorrstraße 70,0,In Betrieb befindliche Ladesäulen,POINT (691227.920000828 5340139.763497984)
opendata_ruhver_els_point.250,2,4,4,0,4,2018-10-03T00:00:00,,11,Schmalkaldenerstr. 14,0,In Betrieb befindliche Ladesäulen,POINT (691621.2933008363 5340291.350597961)
opendata_ruhver_els_point.251,2,4,4,0,4,2018-12-05T00:00:00,,11,Graf-Konrad-Str. 1,0,In Betrieb befindliche Ladesäulen,POINT (690757.644600818 5339761.802598015)
opendata_ruhver_els_point.252,2,4,4,0,4,2019-04-29T00:00:00,,4,Herzogstr. 61,0,In Betrieb befindliche Ladesäulen,POINT (691560.6199008358 5337575.442997968)
opendata_ruhver_els_point.253,2,4,4,0,4,2019-04-10T00:00:00,,3,Theresienstr. 158,0,In Betrieb befindliche Ladesäulen,POINT (690453.4887008122 5336383.629998039)
opendata_ruhver_els_point.254,1,2,2,0,2,2019-04-10T00:00:00,,3,Görresstr. 48,0,In Betrieb befindliche Ladesäulen,POINT (690413.0146008113 5336843.612498042)
opendata_ruhver_els_point.255,1,2,2,0,2,2017-09-01T00:00:00,E-Plan Ladesäulenstandort,4,Kathi-Kobus-Straße 3,0,In Betrieb befindliche Ladesäulen,POINT (690132.7369008054 5337184.69689806)
opendata_ruhver_els_point.256,2,4,4,0,4,2018-10-03T00:00:00,Schrägparker,8,Ganghoferstr. 2 / Westendstr. 89,0,In Betrieb befindliche Ladesäulen,POINT (689004.8632007823 5334750.41719813)
opendata_ruhver_els_point.257,2,4,4,0,4,2018-10-03T00:00:00,,3,Bernhard-Wicki-Str. 8,0,In Betrieb befindliche Ladesäulen,POINT (689522.0212007929 5335297.510298098)
opendata_ruhver_els_point.258,2,4,4,0,4,2018-12-27T00:00:00,,18,Schönstr. 126 / Ecke Brehmstraße,0,In Betrieb befindliche Ladesäulen,POINT (690532.153400815 5330710.776998045)
opendata_ruhver_els_point.259,2,4,4,0,4,2018-12-27T00:00:00,,18,Lebscheestr. 2,0,In Betrieb befindliche Ladesäulen,POINT (690975.2828008244 5331407.303698017)
opendata_ruhver_els_point.260,1,4,4,0,4,2018-12-27T00:00:00,,18,Meraner Straße 11,0,In Betrieb befindliche Ladesäulen,POINT (691333.5749008321 5330828.936197996)
opendata_ruhver_els_point.261,2,4,4,0,4,2018-10-24T00:00:00,,18,Peißenbergstr. 1 / Ecke Säbener Straße,0,In Betrieb befindliche Ladesäulen,POINT (691673.2954008395 5331454.165497974)
opendata_ruhver_els_point.262,2,4,4,0,4,2018-12-27T00:00:00,,18,Tegelbergstr. 6,0,In Betrieb befindliche Ladesäulen,POINT (691408.2414008339 5329799.274997992)
opendata_ruhver_els_point.263,2,4,4,0,4,2019-04-17T00:00:00,,16,Therese-Giese-Allee 35 / Horst-Caspar-Straße 4 ,0,In Betrieb befindliche Ladesäulen,POINT (696764.6963009563 5330037.874997618)
opendata_ruhver_els_point.264,2,4,4,0,4,2018-11-07T00:00:00,,16,Quiddestraße 44,0,In Betrieb befindliche Ladesäulen,POINT (696592.6745009515 5331815.215797626)
opendata_ruhver_els_point.265,1,2,2,0,2,2018-12-21T00:00:00,,16,Oskar-Maria-Graf-Ring 10,0,In Betrieb befindliche Ladesäulen,POINT (697866.8683009828 5330649.521297528)
opendata_ruhver_els_point.266,2,4,4,0,4,2018-12-21T00:00:00,,16,Maria-Wimmer-Str. 8,0,In Betrieb befindliche Ladesäulen,POINT (698150.5318009901 5329192.86349751)
opendata_ruhver_els_point.267,2,4,4,0,4,2018-12-12T00:00:00,,15,Hugo-Weiss-Straße 2,0,In Betrieb befindliche Ladesäulen,POINT (699243.2192010165 5332280.44269741)
opendata_ruhver_els_point.268,1,1,3,2,2,2021-05-01T00:00:00,,15,ggü. Oslostraße 14,60,In Betrieb befindliche Schnellladesäulen,POINT (700108.2509010377 5334421.186297328)
opendata_ruhver_els_point.269,1,2,2,0,2,2019-05-08T00:00:00,,15,Anton-Geisenhofer-Str. 91,0,In Betrieb befindliche Ladesäulen,POINT (698094.4399009875 5333235.031097502)
opendata_ruhver_els_point.270,2,4,4,0,4,2018-11-12T00:00:00,,14,Riedgaustraße 15 / Berg-am-Laim-Str. 61,0,In Betrieb befindliche Ladesäulen,POINT (694731.4012009072 5334173.368397757)
opendata_ruhver_els_point.271,1,2,2,0,2,2018-12-27T00:00:00,,13,Marienburger Str. 1,0,In Betrieb befindliche Ladesäulen,POINT (696678.9822009525 5336079.427297606)
opendata_ruhver_els_point.272,1,2,2,0,2,2018-12-12T00:00:00,,13,Arabellastraße / Rosenkavalierstraße,0,In Betrieb befindliche Ladesäulen,POINT (694715.3215009064 5336522.146697755)
opendata_ruhver_els_point.273,1,2,2,0,2,2018-12-12T00:00:00,,13,Titurelstraße 3,0,In Betrieb befindliche Ladesäulen,POINT (694717.7061009062 5337434.374497752)
opendata_ruhver_els_point.274,1,2,2,0,2,2018-10-03T00:00:00,,13,Cosimastraße 137,0,In Betrieb befindliche Ladesäulen,POINT (695497.0362009241 5337971.696497694)
opendata_ruhver_els_point.275,1,1,3,2,2,2016-04-01T00:00:00,1. Schnellladesäule,13,Englschalkinger Str. 14,60,In Betrieb befindliche Schnellladesäulen,POINT (694862.3380009106 5336683.315997743)
opendata_ruhver_els_point.276,1,2,2,0,2,2019-05-08T00:00:00,ELS in der Bucht mit Anfahrschutz,16,St.-Cajetan-Str. 18,0,In Betrieb befindliche Ladesäulen,POINT (693556.7493008809 5333124.964697843)
opendata_ruhver_els_point.277,2,2,2,0,2,2019-09-25T00:00:00,,17,Untersbergstraße 72 / Weißenseestraße 86,0,In Betrieb befindliche Ladesäulen,POINT (692320.1126008537 5331537.16009793)
opendata_ruhver_els_point.278,1,2,2,0,2,2019-09-18T00:00:00,,17,Wirtstr. 11,0,In Betrieb befindliche Ladesäulen,POINT (691851.5589008431 5332004.2477979595)
opendata_ruhver_els_point.279,1,2,2,0,2,2019-09-18T00:00:00,,17,Wirtstr. 14,0,In Betrieb befindliche Ladesäulen,POINT (691733.7689008408 5332045.316197968)
opendata_ruhver_els_point.280,1,2,2,0,2,2019-09-25T00:00:00,,17,Rotwandstr. 6,0,In Betrieb befindliche Ladesäulen,POINT (692555.1311008587 5332308.176397913)
opendata_ruhver_els_point.281,1,2,2,0,2,2018-11-28T00:00:00,ehemaliger Light & Charge Standort  DESWME001801  DESWME001802,12,Königinstr. 101,0,In Betrieb befindliche Ladesäulen,POINT (692506.9402008564 5336800.886997907)
opendata_ruhver_els_point.282,1,2,2,0,2,2018-11-28T00:00:00,ehemaliger Light & Charge Standort  DESWME001901  DESWME001902,12,Königinstr. 103,0,In Betrieb befindliche Ladesäulen,POINT (692509.0313008566 5336810.765897908)
opendata_ruhver_els_point.283,2,4,4,0,4,2019-05-08T00:00:00,,3,ggü. Arcostr. 6 / Ecke Sophienstr.,0,In Betrieb befindliche Ladesäulen,POINT (690885.6712008216 5335281.457498016)
opendata_ruhver_els_point.284,1,2,2,0,2,2019-08-21T00:00:00,,3,Karlstr. 47,0,In Betrieb befindliche Ladesäulen,POINT (690406.3056008113 5335584.193498045)
opendata_ruhver_els_point.285,1,2,2,0,2,2019-06-19T00:00:00,,3,Schellingstr. 84,0,In Betrieb befindliche Ladesäulen,POINT (691022.0264008243 5336435.790198005)
opendata_ruhver_els_point.286,2,4,4,0,4,2019-10-23T00:00:00,,4,Herzogstr. 105,0,In Betrieb befindliche Ladesäulen,POINT (690999.8441008235 5337622.111798003)
opendata_ruhver_els_point.287,2,4,4,0,4,2019-10-23T00:00:00,,4,Hiltenspergerstr. 68,0,In Betrieb befindliche Ladesäulen,POINT (690825.1788008198 5337730.354498016)
opendata_ruhver_els_point.288,1,2,2,0,2,2019-10-23T00:00:00,"1 rückgebaut, da zuviel errichtet",4,Destouchesstr. 73,0,In Betrieb befindliche Ladesäulen,POINT (691256.5606008291 5337810.153397988)
opendata_ruhver_els_point.289,2,4,4,0,4,2019-10-23T00:00:00,Schrägparker,4,Winzererstr. 156,0,In Betrieb befindliche Ladesäulen,POINT (690451.5470008119 5338230.411898038)
opendata_ruhver_els_point.290,2,4,4,0,4,2019-09-25T00:00:00,,18,Pilgersheimer Str. 13 / Ecke Kupferhammerstr.,0,In Betrieb befindliche Ladesäulen,POINT (691623.3479008382 5332658.497597975)
opendata_ruhver_els_point.291,1,2,2,0,2,2019-08-21T00:00:00,,18,Gerhardstr. 7,0,In Betrieb befindliche Ladesäulen,POINT (691191.9517008287 5332393.273498002)
opendata_ruhver_els_point.292,2,3,5,2,4,2019-08-21T00:00:00,Umbau Q1/2021,18,Schyrenstr. 4 / Claude-Lorrain-Str. 24,60,In Betrieb befindliche Schnellladesäulen,POINT (691266.4014008302 5332862.631597996)
opendata_ruhver_els_point.293,1,2,2,0,2,2019-04-17T00:00:00,,14,Hermann-Weinhauser-Str. 43,0,In Betrieb befindliche Ladesäulen,POINT (695596.1242009283 5334473.764597695)
opendata_ruhver_els_point.294,2,4,4,0,4,2019-05-29T00:00:00,,15,Edinburghplatz 50,0,In Betrieb befindliche Ladesäulen,POINT (700017.7047010353 5334649.540497337)
opendata_ruhver_els_point.295,1,2,2,0,2,2019-05-08T00:00:00,,16,Dieter-Hildebrandt-Str. 26,0,In Betrieb befindliche Ladesäulen,POINT (695195.2960009188 5330941.472297733)
opendata_ruhver_els_point.296,1,2,2,0,2,2019-05-08T00:00:00,,16,Görzer Str. 115,0,In Betrieb befindliche Ladesäulen,POINT (694307.2493008983 5330834.621397795)
opendata_ruhver_els_point.297,2,4,4,0,4,2019-09-18T00:00:00,Senkrechtparker,19,ggü. Constanze-Hallgarten-Str. 56,0,In Betrieb befindliche Ladesäulen,POINT (686657.324100736 5330040.063798269)
opendata_ruhver_els_point.298,1,2,2,0,2,2019-10-16T00:00:00,,22,Ria-Burkei-Straße 5,0,In Betrieb befindliche Ladesäulen,POINT (679872.221200611 5334448.186598581)
opendata_ruhver_els_point.299,2,4,4,0,4,2019-11-20T00:00:00,,21,ggü. Hillernstr. 8,0,In Betrieb befindliche Ladesäulen,POINT (682560.0964006579 5335475.454698464)
opendata_ruhver_els_point.300,2,4,4,0,4,2019-10-15T00:00:00,,21,Paul-Gerhardt-Allee 32,0,In Betrieb befindliche Ladesäulen,POINT (684150.9394006869 5336182.012098389)
opendata_ruhver_els_point.301,1,2,2,0,2,2019-09-18T00:00:00,,23,Lautenschlägerstr. 19,0,In Betrieb befindliche Ladesäulen,POINT (683325.9901006711 5340243.575298421)
opendata_ruhver_els_point.302,2,4,4,0,4,2019-10-15T00:00:00,,2,Ickstattstr. 6 / Klenzestr. 50,0,In Betrieb befindliche Ladesäulen,POINT (691337.0455008317 5333857.49989799)
opendata_ruhver_els_point.303,2,4,4,0,4,2019-10-15T00:00:00,,1,Oettingenstr. 33 - Rückseite - Lerchenfeldstr. 9,0,In Betrieb befindliche Ladesäulen,POINT (692866.0146008647 5335778.204797884)
opendata_ruhver_els_point.304,2,4,4,0,4,2019-10-15T00:00:00,,9,Pfänderstr. 27,0,In Betrieb befindliche Ladesäulen,POINT (689477.4721007918 5336783.9878981)
opendata_ruhver_els_point.305,2,4,4,0,4,2019-10-15T00:00:00,,9,Gertrud-Bäumer-Str. 1,0,In Betrieb befindliche Ladesäulen,POINT (689290.8237007875 5337494.5585981095)
opendata_ruhver_els_point.306,2,4,4,0,4,2019-10-16T00:00:00,"Stpl.-länge: 4 * 5,0 m",9,Tizianstraße 56 / Nederlingerstr. 19 ggü,0,In Betrieb befindliche Ladesäulen,POINT (687552.5354007524 5337288.241398209)
opendata_ruhver_els_point.307,2,4,4,0,4,2019-05-29T00:00:00,P+R Anlage,15,Birthälmer Str. 18 / P+R ,40,In Betrieb befindliche Ladesäulen an P&R-Anlagen,POINT (698188.2952009898 5333870.539397493)
opendata_ruhver_els_point.308,1,2,2,0,2,2019-06-06T00:00:00,,12,Max-Bill-Straße 16,50,In Betrieb befindliche Ladesäulen an Mobilitätsstationen (ggf. mit Beschränkung „nur für Carsharing-Fahrzeuge“),POINT (692763.2101008615 5340328.082197884)
opendata_ruhver_els_point.309,1,1,2,2,2,2019-05-23T00:00:00,auf Sockel,17,Marklandstr. 3 ,0,In Betrieb befindliche Ladesäulen,POINT (693928.3283008899 5329861.892597826)
opendata_ruhver_els_point.310,1,2,2,0,2,2021-05-01T00:00:00,,17,Marklandstr. 3 ,60,In Betrieb befindliche Schnellladesäulen,POINT (693927.1811008899 5329874.407497824)
opendata_ruhver_els_point.311,2,4,4,0,4,2019-09-18T00:00:00,,22,Ravenburger Ring 4,0,In Betrieb befindliche Ladesäulen,POINT (681480.4123006386 5335844.997398512)
opendata_ruhver_els_point.312,2,4,4,0,4,2020-08-04T00:00:00,,11,Lieberweg 48,0,In Betrieb befindliche Ladesäulen,POINT (691166.5830008262 5342309.871497985)
opendata_ruhver_els_point.313,2,4,4,0,4,2019-12-11T00:00:00,,9,Prinzenweg 18,0,In Betrieb befindliche Ladesäulen,POINT (687570.8299007529 5336863.37809821)
opendata_ruhver_els_point.314,2,4,4,0,4,2020-08-04T00:00:00,,9,Romanstr. 20,0,In Betrieb befindliche Ladesäulen,POINT (687973.665400761 5336795.781198186)
opendata_ruhver_els_point.315,1,2,2,0,2,2019-12-11T00:00:00,,19,Höglwörther Str. 363,0,In Betrieb befindliche Ladesäulen,POINT (686850.2820007396 5330426.017398259)
opendata_ruhver_els_point.316,2,4,4,0,4,2019-12-11T00:00:00,,20,Stiftsbogen 99,0,In Betrieb befindliche Ladesäulen,POINT (684902.8517007015 5332521.456898356)
opendata_ruhver_els_point.317,1,2,2,0,2,2019-12-11T00:00:00,,21,Karl-Hromadnik-Str. 2,0,In Betrieb befindliche Ladesäulen,POINT (682774.8074006618 5334452.061798456)
opendata_ruhver_els_point.318,2,4,4,0,4,2019-12-11T00:00:00,,21,Salbauerstr. 7,0,In Betrieb befindliche Ladesäulen,POINT (682928.0966006645 5334818.340298449)
opendata_ruhver_els_point.319,1,2,2,0,2,2019-11-20T00:00:00,,22,Riesenburgstr. 37,0,In Betrieb befindliche Ladesäulen,POINT (679439.1235006033 5335975.890298599)
opendata_ruhver_els_point.320,1,1,3,2,2,2021-05-01T00:00:00,,19,Meglingerstraße 19 / ggü. Staffelseestraße 2,60,In Betrieb befindliche Schnellladesäulen,POINT (686669.9214007362 5329585.02279827)
opendata_ruhver_els_point.321,2,4,4,0,4,2019-09-25T00:00:00,"Stpl.-länge: 4 * 5,0 m",9,Volpinistraße 70,0,In Betrieb befindliche Ladesäulen,POINT (687267.4512007467 5337820.210298225)
opendata_ruhver_els_point.322,1,2,2,0,2,2019-10-16T00:00:00,,23,Bergetstr. ggü. 1a,0,In Betrieb befindliche Ladesäulen,POINT (682864.0784006622 5342922.640098442)
opendata_ruhver_els_point.323,1,2,2,0,2,2019-10-16T00:00:00,,13,Bürgerstr. ggü. 30,0,In Betrieb befindliche Ladesäulen,POINT (694681.2294009051 5337881.183897753)
opendata_ruhver_els_point.324,1,2,2,0,2,2019-10-16T00:00:00,,17,Balanstr. 382,0,In Betrieb befindliche Ladesäulen,POINT (694450.1696009019 5329512.806897789)
opendata_ruhver_els_point.325,1,2,2,0,2,2019-11-20T00:00:00,,24,Caraccioalastr. 43 / Heimperthstr. 17,0,In Betrieb befindliche Ladesäulen,POINT (689881.4541007989 5342458.013898063)
opendata_ruhver_els_point.326,2,4,4,0,4,2019-11-20T00:00:00,P+R Lochhausen,22,Lochhausener Str. 215,40,In Betrieb befindliche Ladesäulen an P&R-Anlagen,POINT (679038.8520005962 5338747.102798614)
opendata_ruhver_els_point.327,1,2,2,0,2,2019-10-15T00:00:00,,13,Meistersingerstr. 118,0,In Betrieb befindliche Ladesäulen,POINT (696130.3849009391 5337206.533897648)
opendata_ruhver_els_point.328,2,4,4,0,4,2020-08-04T00:00:00,,24,Lasallestraße 100,0,In Betrieb befindliche Ladesäulen,POINT (688425.6293007692 5341485.681198154)
opendata_ruhver_els_point.329,1,1,3,2,2,2021-05-01T00:00:00,auf Sockel,12,Gustav-Mahler-Str. 3,60,In Betrieb befindliche Schnellladesäulen,POINT (693403.3911008752 5342003.606097834)
opendata_ruhver_els_point.330,2,4,4,0,4,2020-09-02T00:00:00,,5,Elsässer Straße 19,0,In Betrieb befindliche Ladesäulen,POINT (693834.8186008869 5334104.823097822)
opendata_ruhver_els_point.331,1,2,2,0,2,2020-09-02T00:00:00,,15,Am Mitterfeld 27,0,In Betrieb befindliche Ladesäulen,POINT (699103.5668010124 5334047.624297418)
opendata_ruhver_els_point.332,1,2,2,0,2,2020-09-02T00:00:00,,15,Kogenhagenstr. 11,0,In Betrieb befindliche Ladesäulen,POINT (699796.5251010297 5334181.193797357)
opendata_ruhver_els_point.333,1,2,2,0,2,2020-08-04T00:00:00,,19,Leutstettenerstr. 2,0,In Betrieb befindliche Ladesäulen,POINT (687810.3293007589 5329779.502498209)
opendata_ruhver_els_point.334,1,2,2,0,2,2020-09-02T00:00:00,Durchgangsmöglichkeit zum Klinikum Harlaching,18,Bruggspergerstr. 2,0,In Betrieb befindliche Ladesäulen,POINT (690723.2055008195 5329072.249098036)
opendata_ruhver_els_point.335,2,4,4,0,4,2020-09-02T00:00:00,,16,Pfarrweg 32 / Balanstr. 154,0,In Betrieb befindliche Ladesäulen,POINT (693800.0572008867 5331730.491897829)
opendata_ruhver_els_point.336,1,2,2,0,2,2020-09-02T00:00:00,,16,Jakob-Kaiser-Str. 9,0,In Betrieb befindliche Ladesäulen,POINT (696554.944100951 5331219.904297629)
opendata_ruhver_els_point.337,1,2,2,0,2,2020-08-04T00:00:00,,21,Paosostr. 27 ggü / Kalmanstr. 1,0,In Betrieb befindliche Ladesäulen,POINT (681772.0481006438 5335047.218198501)
opendata_ruhver_els_point.338,1,2,2,0,2,2020-08-04T00:00:00,,19,Stäblistr. 27b,0,In Betrieb befindliche Ladesäulen,POINT (686132.1811007258 5328984.674198298)
opendata_ruhver_els_point.339,2,4,4,0,4,2020-09-02T00:00:00,,12,Germaniastr. 20,0,In Betrieb befindliche Ladesäulen,POINT (692436.9345008559 5338112.28849791)
opendata_ruhver_els_point.340,1,2,2,0,2,2020-09-02T00:00:00,,12,Osterwaldstr. 58,0,In Betrieb befindliche Ladesäulen,POINT (693447.5933008771 5338280.43749784)
opendata_ruhver_els_point.341,2,4,4,0,4,2020-09-02T00:00:00,,12,Karl-Weinmair-Str.,50,In Betrieb befindliche Ladesäulen an Mobilitätsstationen (ggf. mit Beschränkung „nur für Carsharing-Fahrzeuge“),POINT (692405.1663008537 5339499.204497907)
opendata_ruhver_els_point.342,2,4,4,0,4,,Ersatzstandort für Morassistraße und im Tal,1,Rumfordstr. 49,0,In Betrieb befindliche Ladesäulen,POINT (692082.1800008478 5334392.330697941)
opendata_ruhver_els_point.343,1,1,3,2,2,2021-05-01T00:00:00,auf Sockel,8,Trappentreustraße,60,In Betrieb befindliche Schnellladesäulen,POINT (688544.5864007729 5334647.959498158)
opendata_ruhver_els_point.344,1,1,3,2,2,2021-05-01T00:00:00,im eh. Taxistand auf Sockel,8,Ganghoferstraße/Georg-Freundorfer-Platz,60,In Betrieb befindliche Schnellladesäulen,POINT (688959.2517007814 5334371.878698135)
opendata_ruhver_els_point.345,1,1,3,2,2,2021-05-01T00:00:00,auf Gehweg,3,Deroystraße 4,60,In Betrieb befindliche Schnellladesäulen,POINT (689378.1876007898 5335640.415198106)
opendata_ruhver_els_point.346,1,1,3,2,2,2021-05-01T00:00:00,auf Sockel,14,Haager Straße 10,60,In Betrieb befindliche Schnellladesäulen,POINT (694091.8633008928 5333657.184297807)
opendata_ruhver_els_point.347,1,1,3,2,2,2021-05-01T00:00:00,aauf bisher befestigter Fläche,16,Kirchseeoner Straße 5,60,In Betrieb befindliche Schnellladesäulen,POINT (694789.4109009092 5332458.94549776)
opendata_ruhver_els_point.348,1,1,3,2,2,2021-05-01T00:00:00,auf Gehweg,16,Aschauer Straße,60,In Betrieb befindliche Schnellladesäulen,POINT (693662.5260008837 5331123.0195978405)
opendata_ruhver_els_point.349,1,1,3,2,2,2021-05-01T00:00:00,auf Sockel,11,Detmoldstr.,60,In Betrieb befindliche Schnellladesäulen,POINT (690557.3958008135 5340893.193398027)
opendata_ruhver_els_point.350,1,1,3,2,2,2021-05-01T00:00:00,auf Sockel,12,Joseph-Dollinger-Bogen,60,In Betrieb befindliche Schnellladesäulen,POINT (693667.5975008816 5340226.040697821)
opendata_ruhver_els_point.351,1,1,3,2,2,2021-05-01T00:00:00,Altstandort E-Plan,12,Parzivalplatz,60,In Betrieb befindliche Schnellladesäulen,POINT (692198.0045008493 5338559.992397926)
opendata_ruhver_els_point.352,1,2,2,0,2,2021-07-28T00:00:00,IAA Ladesäule (aus IHFEM finanziert),3,Gabelsbergerstr. 35,0,In Betrieb befindliche Ladesäulen,POINT (691024.9132008244 5335883.028698007)
opendata_ruhver_els_point.353,2,4,4,0,4,2021-09-01T00:00:00,IAA Standort mit Ladesäulen von SIEMENS,3,Finkenstraße 4,0,In Betrieb befindliche Ladesäulen,POINT (691524.6986008355 5335497.565497973)
opendata_ruhver_els_point.354,4,4,4,0,4,2020-08-01T00:00:00,Pilotstandorte für 12 Monate von qwello,3,qwello: Barer Straße,0,In Betrieb befindliche Ladesäulen,POINT (691326.8265008308 5336154.844797986)
opendata_ruhver_els_point.355,3,3,3,0,3,2020-08-01T00:00:00,Pilotstandorte für 12 Monate von qwello,3,qwello: Adalbertstraße,0,In Betrieb befindliche Ladesäulen,POINT (691376.281800832 5336596.4765979815)
opendata_ruhver_els_point.356,1,2,2,0,2,2021-10-25T00:00:00,"Beispielstandort mit korrektem Podest, Umsetzungsstandort für Truderinger Straße",15,Bajuwarenstraße 71,0,In Betrieb befindliche Ladesäulen,POINT (697882.5451009825 5332888.5911975205)
opendata_ruhver_els_point.357,1,2,2,0,2,2021-10-25T00:00:00,Umsetzungsstandort für Truderinger Straße,15,Phantasiestraße 2 ggü,0,In Betrieb befindliche Ladesäulen,POINT (701112.5523010641 5332444.258497247)
opendata_ruhver_els_point.358,1,2,2,0,2,,"Wallbox auf Privatgrund, Stellplätze auf öffentlichem Grund",11,,0,In Betrieb befindliche Ladesäulen,POINT (689504.9453007915 5340016.604198091)
opendata_ruhver_els_point.359,1,2,2,0,2,2022-04-01T00:00:00,Umsetzungsstandort aus der Zweigstraße,2,Rückertstraße 1,0,In Betrieb befindliche Ladesäulen,POINT (690118.8969008056 5334194.5071980655)
opendata_ruhver_els_point.360,1,2,2,0,2,2018-11-28T00:00:00,,9,Wendel-Dietrich-Str. 21b,0,In Betrieb befindliche Ladesäulen,POINT (687928.4961007601 5336241.98109819)
opendata_ruhver_els_point.361,1,2,2,0,2,2017-09-20T00:00:00,Ergänzung am 15.05.2019,12,Gertrud-Grunow-Str. 6,50,In Betrieb befindliche Ladesäulen an Mobilitätsstationen (ggf. mit Beschränkung „nur für Carsharing-Fahrzeuge“),POINT (693011.394800867 5340001.541197867)
opendata_ruhver_els_point.362,1,2,2,0,2,2018-04-11T00:00:00,,4,Bonner Str. 26 ggü,0,In Betrieb befindliche Ladesäulen,POINT (691650.1097008374 5338348.39989796)
opendata_ruhver_els_point.363,1,2,2,0,2,2018-10-24T00:00:00,,9,Richelstraße 11,0,In Betrieb befindliche Ladesäulen,POINT (688137.8388007645 5335575.663598179)
opendata_ruhver_els_point.364,1,2,2,0,2,2018-12-21T00:00:00,,2,Goetheplatz (City2Share) Häberlstr.,50,In Betrieb befindliche Ladesäulen an Mobilitätsstationen (ggf. mit Beschränkung „nur für Carsharing-Fahrzeuge“),POINT (690354.3167008107 5333795.047398051)
